Prediction Date,Student Name,Student ID,Department,Semester,Dropout Risk (%),Risk Level,Priority
2026-08-23 16:13:03,,,,1,4.67,LOW,Routine Monitoring
2026-08-23 16:15:56,sake,22stuchh010990,dsai,1,4.67,LOW,Routine Monitoring
2026-08-23 16:17:08,ramu,22stuchh010999,dsai,6,2.33,LOW,Routine Monitoring
2026-08-23 16:21:08,raju,22stuchh0109876,ece,6,2.33,LOW,Routine Monitoring
2026-08-23 16:34:16,rambai,2w3r54rtrtt,mech,5,4.67,LOW,Routine Monitoring
2026-08-23 16:34:19,rambai,2w3r54rtrtt,mech,5,4.67,LOW,Routine Monitoring
2026-08-23 21:37:17,,,,1,4.67,LOW,Routine Monitoring
2026-08-23 21:51:21,,,,1,4.67,LOW,Routine Monitoring
2026-08-23 21:53:50,sak,9hijil,civil,1,4.67,LOW,Routine Monitoring
